"sample_id","day","inoc","T","feedstock","pH","rep","inoc_T","T_inoc","inoc_pH","T_pH","pH_inoc","feedstock_T","day_2","C4","ISOC5","ISOC4","C3","C2","C5","C6","C7","ISOC6","total","SID"
"B_35_F_5_A_D0",0,"B",35,"F",5,"A","B_35 ","35_B","B_pH_5","35_pH_5","pH_5_B","F_35","D0",0,0.055957595,0.078359698,0.185172569,0.288419886,0,0,0,0,0.607909748,NA
"B_35_F_5_B_D0",0,"B",35,"F",5,"B","B_35 ","35_B","B_pH_5","35_pH_5","pH_5_B","F_35","D0",0,0,0,0.060759423,0.223665476,0,0,0,0,0.284424899,NA
"B_35_F_5_C_D0",0,"B",35,"F",5,"C","B_35 ","35_B","B_pH_5","35_pH_5","pH_5_B","F_35","D0",0,0,0,0.049112819,0.306060244,0,0,0,0,0.355173063,NA
"B_35_F_7_A_D0",0,"B",35,"F",7,"A","B_35 ","35_B","B_pH_7","35_pH_7","pH_7_B","F_35","D0",0,0,0,0,0.120522129,0,0,0,0,0.120522129,NA
"B_35_F_9_A_D0",0,"B",35,"F",9,"A","B_35 ","35_B","B_pH_9","35_pH_9","pH_9_B","F_35","D0",0,0,0,0.012744849,0.256561201,0,0,0,0,0.26930605,NA
"B_35_F_9_B_D0",0,"B",35,"F",9,"B","B_35 ","35_B","B_pH_9","35_pH_9","pH_9_B","F_35","D0",0,0,0,0.039331758,0.288419886,0,0,0,0,0.327751644,NA
"B_35_F_9_C_D0",0,"B",35,"F",9,"C","B_35 ","35_B","B_pH_9","35_pH_9","pH_9_B","F_35","D0",0,0,0,0.029006745,0.160985146,0,0,0,0,0.189991891,NA
"B_45_F_5_A_D0",0,"B",45,"F",5,"A","B_45 ","45_B","B_pH_5","45_pH_5","pH_5_B","F_45","D0",0.005590079,0.063577777,0,0.085149004,0.256561201,0.07497206,0.166744888,0.332924845,0,0.985519854,NA
"B_45_F_5_B_D0",0,"B",45,"F",5,"B","B_45 ","45_B","B_pH_5","45_pH_5","pH_5_B","F_45","D0",0,0,0,0.031156635,0.272236399,0.052554981,0.164267468,0.382737901,0,0.902953384,NA
"B_45_F_5_C_D0",0,"B",45,"F",5,"C","B_45 ","45_B","B_pH_5","45_pH_5","pH_5_B","F_45","D0",0.047380795,0.105488784,0.072099055,0.119995923,0.535324694,0.171811173,0.251782935,0.361948238,0,1.665831597,NA
"B_45_F_7_A_D0",0,"B",45,"F",7,"A","B_45 ","45_B","B_pH_7","45_pH_7","pH_7_B","F_45","D0",0,0,0,0,0.163491499,0,0,0,0,0.163491499,NA
"B_45_F_9_A_D0",0,"B",45,"F",9,"A","B_45 ","45_B","B_pH_9","45_pH_9","pH_9_B","F_45","D0",0,0,0,0,0.320278571,0,0,0,0,0.320278571,NA
"B_45_F_9_B_D0",0,"B",45,"F",9,"B","B_45 ","45_B","B_pH_9","45_pH_9","pH_9_B","F_45","D0",0,0,0,0,0.599015163,0,0,0,0,0.599015163,NA
"B_45_F_9_C_D0",0,"B",45,"F",9,"C","B_45 ","45_B","B_pH_9","45_pH_9","pH_9_B","F_45","D0",0,0,0,0.030297372,0.160985146,0,0,0,0,0.191282518,NA
"B_35_M_5_A_D0",0,"B",35,"M",5,"A","B_35","35_B","B_pH_5","35_pH_5","pH_5_B","M_35","D0",0,0,0,0,0.3,0,0,0,0,0.3,NA
"B_35_M_5_B_D0",0,"B",35,"M",5,"B","B_35","35_B","B_pH_5","35_pH_5","pH_5_B","M_35","D0",0,0,0,0,0,0,0,0,0,0,NA
"B_35_M_5_C_D0",0,"B",35,"M",5,"C","B_35","35_B","B_pH_5","35_pH_5","pH_5_B","M_35","D0",0,0,0,0.1,0,0,0,0,0,0.1,NA
"B_35_M_7_B_D0",0,"B",35,"M",7,"B","B_35","35_B","B_pH_7","35_pH_7","pH_7_B","M_35","D0",0,0,0,0,0.2,0,0,0,0,0.2,NA
"B_35_M_7_C_D0",0,"B",35,"M",7,"C","B_35","35_B","B_pH_7","35_pH_7","pH_7_B","M_35","D0",0,0,0,0,0.2,0,0,0,0,0.2,NA
"B_35_M_9_A_D0",0,"B",35,"M",9,"A","B_35","35_B","B_pH_9","35_pH_9","pH_9_B","M_35","D0",0,0,0,0,0.6,0,0,0,0,0.6,NA
"B_35_M_9_B_D0",0,"B",35,"M",9,"B","B_35","35_B","B_pH_9","35_pH_9","pH_9_B","M_35","D0",0,0,0,0.1,1.1,0,0,0,0,1.2,NA
"B_35_M_9_C_D0",0,"B",35,"M",9,"C","B_35","35_B","B_pH_9","35_pH_9","pH_9_B","M_35","D0",0,0,0,0,0.8,0,0,0,0,0.8,NA
"B_45_M_5_A_D0",0,"B",45,"M",5,"A","B_45","45_B","B_pH_5","45_pH_5","pH_5_B","M_45","D0",0,0,0,0,0.3,0,0,0,0,0.3,NA
"B_45_M_5_C_D0",0,"B",45,"M",5,"C","B_45","45_B","B_pH_5","45_pH_5","pH_5_B","M_45","D0",0,0,0,0,0.4,0,0,0,0,0.4,NA
"B_45_M_7_A_D0",0,"B",45,"M",7,"A","B_45","45_B","B_pH_7","45_pH_7","pH_7_B","M_45","D0",0,0,0,0,0.3,0,0,0,0,0.3,NA
"B_45_M_7_B_D0",0,"B",45,"M",7,"B","B_45","45_B","B_pH_7","45_pH_7","pH_7_B","M_45","D0",0,0,0,0,0.5,0,0,0,0,0.5,NA
"B_45_M_7_C_D0",0,"B",45,"M",7,"C","B_45","45_B","B_pH_7","45_pH_7","pH_7_B","M_45","D0",0,0,0,0,0.3,0,0,0,0,0.3,NA
"B_45_M_9_A_D0",0,"B",45,"M",9,"A","B_45","45_B","B_pH_9","45_pH_9","pH_9_B","M_45","D0",0,0,0,0,1,0,0,0,0,1,NA
"B_45_M_9_B_D0",0,"B",45,"M",9,"B","B_45","45_B","B_pH_9","45_pH_9","pH_9_B","M_45","D0",0.1,0.1,0,0.2,0.7,0,0,0,0,1.1,NA
"B_45_M_9_C_D0",0,"B",45,"M",9,"C","B_45","45_B","B_pH_9","45_pH_9","pH_9_B","M_45","D0",0,0,0,0,0.7,0,0,0,0,0.7,NA
"A_35_F_5_A_D0",0,"A",35,"F",5,"A","A_35 ","35_A","A_pH_5","35_pH_5","pH_5_A","F_35","D0",0,0,0,0,0.106018222,0,0,0,0,0.106018222,NA
"A_35_F_5_B_D0",0,"A",35,"F",5,"B","A_35 ","35_A","A_pH_5","35_pH_5","pH_5_A","F_35","D0",0,0,0,0,0.219308334,0,0,0,0,0.219308334,NA
"A_35_F_5_C_D0",0,"A",35,"F",5,"C","A_35 ","35_A","A_pH_5","35_pH_5","pH_5_A","F_35","D0",0,0,0,0,0.128584437,0,0,0,0,0.128584437,NA
"A_35_F_7_A_D0",0,"A",35,"F",7,"A","A_35 ","35_A","A_pH_7","35_pH_7","pH_7_A","F_35","D0",0,0,0,0,0.139880786,0,0,0,0,0.139880786,NA
"A_35_F_7_B_D0",0,"A",35,"F",7,"B","A_35 ","35_A","A_pH_7","35_pH_7","pH_7_A","F_35","D0",0,0,0,0,0.225537134,0,0,0,0,0.225537134,NA
"A_35_F_7_C_D0",0,"A",35,"F",7,"C","A_35 ","35_A","A_pH_7","35_pH_7","pH_7_A","F_35","D0",0,0,0,0,0.185277342,0,0,0,0,0.185277342,NA
"A_35_F_9_A_D0",0,"A",35,"F",9,"A","A_35 ","35_A","A_pH_9","35_pH_9","pH_9_A","F_35","D0",0,0,0,0,0.124482356,0,0,0,0,0.124482356,NA
"A_35_F_9_B_D0",0,"A",35,"F",9,"B","A_35 ","35_A","A_pH_9","35_pH_9","pH_9_A","F_35","D0",0,0,0,0,0.162918493,0,0,0,0,0.162918493,NA
"A_35_F_9_C_D0",0,"A",35,"F",9,"C","A_35 ","35_A","A_pH_9","35_pH_9","pH_9_A","F_35","D0",0,0,0.252544409,0,0.03856353,0,0,0,0,0.291107939,NA
"A_35_M_5_A_D0",0,"A",35,"M",5,"A","A_35","35_A","A_pH_5","35_pH_5","pH_5_A","M_35","D0",0,0,0,0,0.187536917,0,0,0,0,0.187536917,NA
"A_35_M_5_B_D0",0,"A",35,"M",5,"B","A_35","35_A","A_pH_5","35_pH_5","pH_5_A","M_35","D0",0,0,0,0,0.250625006,0,0,0,0,0.250625006,NA
"A_35_M_5_C_D0",0,"A",35,"M",5,"C","A_35","35_A","A_pH_5","35_pH_5","pH_5_A","M_35","D0",0,0,0.209954102,0,0.157038643,0,0,0,0,0.366992745,NA
"A_35_M_7_A_D0",0,"A",35,"M",7,"A","A_35","35_A","A_pH_7","35_pH_7","pH_7_A","M_35","D0",0,0,0,0,0.135575818,0,0,0.304780285,0,0.440356103,NA
"A_35_M_7_B_D0",0,"A",35,"M",7,"B","A_35","35_A","A_pH_7","35_pH_7","pH_7_A","M_35","D0",0,0,0,0.001529086,0.336064907,0,0,0,0,0.337593993,NA
"A_35_M_7_C_D0",0,"A",35,"M",7,"C","A_35","35_A","A_pH_7","35_pH_7","pH_7_A","M_35","D0",0,0,0,0.02754626,0.220876766,0,0,0,0,0.248423026,NA
"A_35_M_9_A_D0",0,"A",35,"M",9,"A","A_35","35_A","A_pH_9","35_pH_9","pH_9_A","M_35","D0",0,0,0,0.030284796,0.567382389,0,0,0,0,0.597667185,NA
"A_35_M_9_B_D0",0,"A",35,"M",9,"B","A_35","35_A","A_pH_9","35_pH_9","pH_9_A","M_35","D0",0,0,0,0.009626225,0.659125924,0,0,0,0,0.668752149,NA
"A_35_M_9_C_D0",0,"A",35,"M",9,"C","A_35","35_A","A_pH_9","35_pH_9","pH_9_A","M_35","D0",0,0,0,0,0.371038188,0,0,0,0,0.371038188,NA
"A_45_F_5_A_D0",0,"A",45,"F",5,"A","A_45 ","45_A","A_pH_5","45_pH_5","pH_5_A","F_45","D0",0,0,0,0.192448878,0,0.043298172,0.003539779,0,0,0.239286829,NA
"A_45_F_5_B_D0",0,"A",45,"F",5,"B","A_45 ","45_A","A_pH_5","45_pH_5","pH_5_A","F_45","D0",0,0,0,0,0.008716306,0,0,0,0,0.008716306,NA
"A_45_F_7_A_D0",0,"A",45,"F",7,"A","A_45 ","45_A","A_pH_7","45_pH_7","pH_7_A","F_45","D0",0,0,0,0,0.193060946,0,0,0.23148107,0,0.424542016,NA
"A_45_F_7_B_D0",0,"A",45,"F",7,"B","A_45 ","45_A","A_pH_7","45_pH_7","pH_7_A","F_45","D0",0,0,0,0,0.047737102,0.155960405,0,0,0,0.203697507,NA
"A_45_F_7_C_D0",0,"A",45,"F",7,"C","A_45 ","45_A","A_pH_7","45_pH_7","pH_7_A","F_45","D0",0,0,0,0,0.023607137,0,0,0,0,0.023607137,NA
"A_45_F_9_A_D0",0,"A",45,"F",9,"A","A_45 ","45_A","A_pH_9","45_pH_9","pH_9_A","F_45","D0",0,0,0,0,0.241113569,0,0,0,0,0.241113569,NA
"A_45_F_9_B_D0",0,"A",45,"F",9,"B","A_45 ","45_A","A_pH_9","45_pH_9","pH_9_A","F_45","D0",0,0,0,0,0.311951309,0,0,0,0,0.311951309,NA
"A_45_F_9_C_D0",0,"A",45,"F",9,"C","A_45 ","45_A","A_pH_9","45_pH_9","pH_9_A","F_45","D0",0,0,0,0,0.313767311,0,0,0,0,0.313767311,NA
"A_45_M_5_A_D0",0,"A",45,"M",5,"A","A_45","45_A","A_pH_5","45_pH_5","pH_5_A","M_45","D0",0,0,0,0,0.087311196,0,0,0,0,0.087311196,NA
"A_45_M_5_B_D0",0,"A",45,"M",5,"B","A_45","45_A","A_pH_5","45_pH_5","pH_5_A","M_45","D0",0,0,0,0,0.582952902,0,0,0,0,0.582952902,NA
"A_45_M_5_C_D0",0,"A",45,"M",5,"C","A_45","45_A","A_pH_5","45_pH_5","pH_5_A","M_45","D0",0,0,0,0.075096761,0.499240915,0.200310779,0,0,0,0.774648455,NA
"A_45_M_7_A_D0",0,"A",45,"M",7,"A","A_45","45_A","A_pH_7","45_pH_7","pH_7_A","M_45","D0",0,0,0,0,0.232070919,0,0,0.454721067,0,0.686791986,NA
"A_45_M_7_B_D0",0,"A",45,"M",7,"B","A_45","45_A","A_pH_7","45_pH_7","pH_7_A","M_45","D0",0,0,0,0,0.188989147,0,0,0,0,0.188989147,NA
"A_45_M_7_C_D0",0,"A",45,"M",7,"C","A_45","45_A","A_pH_7","45_pH_7","pH_7_A","M_45","D0",0,0,0,0,0.086800787,0,0,0,0,0.086800787,NA
"A_45_M_9_A_D0",0,"A",45,"M",9,"A","A_45","45_A","A_pH_9","45_pH_9","pH_9_A","M_45","D0",0,0,0,0,0.841824656,0,0,0,0,0.841824656,NA
"A_45_M_9_B_D0",0,"A",45,"M",9,"B","A_45","45_A","A_pH_9","45_pH_9","pH_9_A","M_45","D0",0,0,0,0,0.655505814,0,0,0,0,0.655505814,NA
"A_45_M_9_C_D0",0,"A",45,"M",9,"C","A_45","45_A","A_pH_9","45_pH_9","pH_9_A","M_45","D0",0,0,0,0,0.861146992,0,0,0,0,0.861146992,NA
"A_35_M_5_A_D1",0.54,"A",35,"M",5,"A","A_35","35_A","A_pH_5","35_pH_5","pH_5_A","M_35","D1",0,0,0,0.090343858,0.282661037,0,0,0,0,0.373004895,NA
"A_35_M_5_B_D1",0.54,"A",35,"M",5,"B","A_35","35_A","A_pH_5","35_pH_5","pH_5_A","M_35","D1",0,0,0,0.023249867,0.531913436,0,0,0,0,0.555163303,NA
"A_35_M_5_C_D1",0.54,"A",35,"M",5,"C","A_35","35_A","A_pH_5","35_pH_5","pH_5_A","M_35","D1",0,0,0,0.060989165,0.337065355,0,0,0,0,0.39805452,NA
"A_35_M_7_A_D1",0.54,"A",35,"M",7,"A","A_35","35_A","A_pH_7","35_pH_7","pH_7_A","M_35","D1",0,0,0,0.076735759,0.266499894,0,0,0,0,0.343235653,NA
"A_35_M_7_B_D1",0.54,"A",35,"M",7,"B","A_35","35_A","A_pH_7","35_pH_7","pH_7_A","M_35","D1",0,0,0,0.311180691,0.709263195,0,0,0,0,1.020443886,NA
"A_35_M_7_C_D1",0.54,"A",35,"M",7,"C","A_35","35_A","A_pH_7","35_pH_7","pH_7_A","M_35","D1",0,0,0,0.18309598,0.769919085,0,0,0,0,0.953015065,NA
"A_35_M_9_A_D1",0.54,"A",35,"M",9,"A","A_35","35_A","A_pH_9","35_pH_9","pH_9_A","M_35","D1",0,0,0,0.109453007,1.159694608,0,0,0.232519895,0,1.50166751,NA
"A_35_M_9_B_D1",0.54,"A",35,"M",9,"B","A_35","35_A","A_pH_9","35_pH_9","pH_9_A","M_35","D1",0,0,0,0,0.602730293,0,0,0,0,0.602730293,NA
"A_35_M_9_C_D1",0.54,"A",35,"M",9,"C","A_35","35_A","A_pH_9","35_pH_9","pH_9_A","M_35","D1",0,0,0,0,0.872759193,0,0,0,0,0.872759193,NA
"A_45_M_5_A_D1",0.54,"A",45,"M",5,"A","A_45","45_A","A_pH_5","45_pH_5","pH_5_A","M_45","D1",0,0,0,0.135055043,0.43483511,0,0,0,0,0.569890153,NA
"A_45_M_5_B_D1",0.54,"A",45,"M",5,"B","A_45","45_A","A_pH_5","45_pH_5","pH_5_A","M_45","D1",0,0,0,0.115291542,0.435381925,0,0,0,0,0.550673467,NA
"A_45_M_5_C_D1",0.54,"A",45,"M",5,"C","A_45","45_A","A_pH_5","45_pH_5","pH_5_A","M_45","D1",0.064199311,0,0,0.294343246,0.884044798,0,0,0,0,1.242587355,NA
"A_45_M_7_A_D1",0.54,"A",45,"M",7,"A","A_45","45_A","A_pH_7","45_pH_7","pH_7_A","M_45","D1",0,0,0,0.141811008,0.512253844,0,0,0,0,0.654064852,NA
"A_45_M_7_B_D1",0.54,"A",45,"M",7,"B","A_45","45_A","A_pH_7","45_pH_7","pH_7_A","M_45","D1",0,0,0,0.067485951,0.974415573,0,0,0,0,1.041901524,NA
"A_45_M_7_C_D1",0.54,"A",45,"M",7,"C","A_45","45_A","A_pH_7","45_pH_7","pH_7_A","M_45","D1",0,0,0,0.114912479,1.006985402,0,0,0,0,1.121897881,NA
"A_45_M_9_A_D1",0.54,"A",45,"M",9,"A","A_45","45_A","A_pH_9","45_pH_9","pH_9_A","M_45","D1",0,0.033339534,0,0.007988618,0.73198921,0,0,0,0,0.773317362,NA
"A_45_M_9_B_D1",0.54,"A",45,"M",9,"B","A_45","45_A","A_pH_9","45_pH_9","pH_9_A","M_45","D1",0,0.022977284,0,0,1.407269568,0,0,0,0,1.430246852,NA
"A_45_M_9_C_D1",0.54,"A",45,"M",9,"C","A_45","45_A","A_pH_9","45_pH_9","pH_9_A","M_45","D1",0,0.021477976,0,0.016387478,0.680651012,0,0,0,0,0.718516466,NA
"A_35_F_5_A_D1",1.2,"A",35,"F",5,"A","A_35 ","35_A","A_pH_5","35_pH_5","pH_5_A","F_35","D1",0.988501458,0,0,0,0.052312038,0,0.129533043,0,0,1.170346539,NA
"A_35_F_5_B_D1",1.2,"A",35,"F",5,"B","A_35 ","35_A","A_pH_5","35_pH_5","pH_5_A","F_35","D1",0.364690328,0,0,0,0,0,0,0,0,0.364690328,NA
"A_35_F_5_C_D1",1.2,"A",35,"F",5,"C","A_35 ","35_A","A_pH_5","35_pH_5","pH_5_A","F_35","D1",1.178471564,0,0,0,0.175826267,0,0,0,0.193400953,1.547698784,NA
"A_35_F_7_A_D1",1.2,"A",35,"F",7,"A","A_35 ","35_A","A_pH_7","35_pH_7","pH_7_A","F_35","D1",1.002121355,0.071364335,0.053395515,0.142730835,2.258907285,0,0,0,0,3.528519325,NA
"A_35_F_7_B_D1",1.2,"A",35,"F",7,"B","A_35 ","35_A","A_pH_7","35_pH_7","pH_7_A","F_35","D1",1.104137771,0.08262032,0.058777455,0.17132419,1.670970739,0,0,0,0,3.087830475,NA
"A_35_F_7_C_D1",1.2,"A",35,"F",7,"C","A_35 ","35_A","A_pH_7","35_pH_7","pH_7_A","F_35","D1",0.908167974,0.11054492,0.09449236,0.023985742,2.192975838,0,0,0,0,3.330166834,NA
"A_35_F_9_A_D1",1.2,"A",35,"F",9,"A","A_35 ","35_A","A_pH_9","35_pH_9","pH_9_A","F_35","D1",0,0.032158488,0,0.083157911,0.559082668,0,0,0,0,0.674399067,NA
"A_35_F_9_B_D1",1.2,"A",35,"F",9,"B","A_35 ","35_A","A_pH_9","35_pH_9","pH_9_A","F_35","D1",0,0,0,0.033666637,0.60427922,0,0,0,0,0.637945857,NA
"A_35_F_9_C_D1",1.2,"A",35,"F",9,"C","A_35 ","35_A","A_pH_9","35_pH_9","pH_9_A","F_35","D1",0,0,0,0,0.369909241,0,0,0,0,0.369909241,NA
"A_45_F_5_A_D1",1.2,"A",45,"F",5,"A","A_45 ","45_A","A_pH_5","45_pH_5","pH_5_A","F_45","D1",0,0,0,0.273814028,0.221025766,0.046784847,0,0,0,0.541624641,NA
"A_45_F_5_B_D1",1.2,"A",45,"F",5,"B","A_45 ","45_A","A_pH_5","45_pH_5","pH_5_A","F_45","D1",0,0,0,0.113752618,0.323396707,0.127112401,0,0,0,0.564261726,NA
"A_45_F_5_C_D1",1.2,"A",45,"F",5,"C","A_45 ","45_A","A_pH_5","45_pH_5","pH_5_A","F_45","D1",0.202600016,0,0,0.842043909,0.819340685,0.177985974,0.003305031,0,0,2.045275615,NA
"A_45_F_7_A_D1",1.2,"A",45,"F",7,"A","A_45 ","45_A","A_pH_7","45_pH_7","pH_7_A","F_45","D1",0.823916991,0.084526945,0.06779729,0.083233767,2.607957887,0,0,0,0,3.66743288,NA
"A_45_F_7_B_D1",1.2,"A",45,"F",7,"B","A_45 ","45_A","A_pH_7","45_pH_7","pH_7_A","F_45","D1",0.797199148,0.121433065,0.104287188,0.30496169,1.829915125,0,0,0,0,3.157796216,NA
"A_45_F_7_B_D1_2",1.2,"A",45,"F",7,"B","A_45 ","45_A","A_pH_7","45_pH_7","pH_7_A","F_45","D1",0.944353245,0.142859751,0.119042669,0.438862202,1.482658196,0.122142176,0.120354591,0,0.111162123,3.481434953,NA
"A_45_F_7_C_D1",1.2,"A",45,"F",7,"C","A_45 ","45_A","A_pH_7","45_pH_7","pH_7_A","F_45","D1",0.772043524,0.122236019,0.101736407,0.119784166,0.956984037,0,0,0,0,2.072784153,NA
"A_45_F_7_C_D1_2",1.2,"A",45,"F",7,"C","A_45 ","45_A","A_pH_7","45_pH_7","pH_7_A","F_45","D1",0.866057815,0.130541641,0.106002349,0.171763953,1.314761846,0,0,0,0.09301605,2.682143654,NA
"A_45_F_9_A_D1",1.2,"A",45,"F",9,"A","A_45 ","45_A","A_pH_9","45_pH_9","pH_9_A","F_45","D1",0,0,0,0,0.468297941,0,0,0,0,0.468297941,NA
"A_45_F_9_B_D1",1.2,"A",45,"F",9,"B","A_45 ","45_A","A_pH_9","45_pH_9","pH_9_A","F_45","D1",0,0,0,0,0.488965264,0,0,0,0,0.488965264,NA
"A_45_F_9_C_D1",1.2,"A",45,"F",9,"C","A_45 ","45_A","A_pH_9","45_pH_9","pH_9_A","F_45","D1",0,0,0,0,0.827543619,0,0,0,0,0.827543619,NA
"B_35_M_5_A_D1",1.5,"B",35,"M",5,"A","B_35","35_B","B_pH_5","35_pH_5","pH_5_B","M_35","D1",0,0,0,0,0,0,0,0,0,0,NA
"B_35_M_5_B_D1",1.5,"B",35,"M",5,"B","B_35","35_B","B_pH_5","35_pH_5","pH_5_B","M_35","D1",0,0,0,0,0.3,0,0,0,0,0.3,NA
"B_35_M_5_C_D1",1.5,"B",35,"M",5,"C","B_35","35_B","B_pH_5","35_pH_5","pH_5_B","M_35","D1",0,0,0,0,0,0,0,0,0,0,NA
"B_35_M_7_A_D1",1.5,"B",35,"M",7,"A","B_35","35_B","B_pH_7","35_pH_7","pH_7_B","M_35","D1",0.2,0,0,0.3,0.6,0,0,0,0,1.1,NA
"B_35_M_7_B_D1",1.5,"B",35,"M",7,"B","B_35","35_B","B_pH_7","35_pH_7","pH_7_B","M_35","D1",0.1,0,0,0.4,1,0,0,0,0,1.5,NA
"B_35_M_7_C_D1",1.5,"B",35,"M",7,"C","B_35","35_B","B_pH_7","35_pH_7","pH_7_B","M_35","D1",0,0,0,0.2,0.8,0,0,0,0,1,NA
"B_35_M_9_A_D1",1.5,"B",35,"M",9,"A","B_35","35_B","B_pH_9","35_pH_9","pH_9_B","M_35","D1",0,0,0,0.1,0.5,0,0,0,0,0.6,NA
"B_35_M_9_B_D1",1.5,"B",35,"M",9,"B","B_35","35_B","B_pH_9","35_pH_9","pH_9_B","M_35","D1",0,0,0,0.1,0.8,0,0,0,0,0.9,NA
"B_35_M_9_C_D1",1.5,"B",35,"M",9,"C","B_35","35_B","B_pH_9","35_pH_9","pH_9_B","M_35","D1",0,0,0,0.1,0.9,0,0,0,0,1,NA
"B_45_M_5_A_D1",1.5,"B",45,"M",5,"A","B_45","45_B","B_pH_5","45_pH_5","pH_5_B","M_45","D1",0.1,0,0,0.1,0.4,0,0,0,0,0.6,NA
"B_45_M_5_B_D1",1.5,"B",45,"M",5,"B","B_45","45_B","B_pH_5","45_pH_5","pH_5_B","M_45","D1",0.1,0,0,0.3,0.4,0,0,0,0,0.8,NA
"B_45_M_5_C_D1",1.5,"B",45,"M",5,"C","B_45","45_B","B_pH_5","45_pH_5","pH_5_B","M_45","D1",0.1,0,0,0.1,0.4,0,0,0,0,0.6,NA
"B_45_M_7_A_D1",1.5,"B",45,"M",7,"A","B_45","45_B","B_pH_7","45_pH_7","pH_7_B","M_45","D1",0.1,0,0,0.1,0.4,0,0,0,0,0.6,NA
"B_45_M_7_B_D1",1.5,"B",45,"M",7,"B","B_45","45_B","B_pH_7","45_pH_7","pH_7_B","M_45","D1",0,0,0,0,0.3,0,0,0,0,0.3,NA
"B_45_M_7_C_D1",1.5,"B",45,"M",7,"C","B_45","45_B","B_pH_7","45_pH_7","pH_7_B","M_45","D1",0,0,0,0.1,0.9,0,0,0,0,1,NA
"B_45_M_9_A_D1",1.5,"B",45,"M",9,"A","B_45","45_B","B_pH_9","45_pH_9","pH_9_B","M_45","D1",0,0,0,0,0.6,0,0,0,0,0.6,NA
"B_45_M_9_B_D1",1.5,"B",45,"M",9,"B","B_45","45_B","B_pH_9","45_pH_9","pH_9_B","M_45","D1",0,0.1,0,0.1,0.6,0,0,0,0,0.8,NA
"B_35_F_5_A_D1",1.7,"B",35,"F",5,"A","B_35 ","35_B","B_pH_5","35_pH_5","pH_5_B","F_35","D1",1.0028072,0.001714065,0,0.154455343,0.179591861,0,0,0,0,1.338568469,NA
"B_35_F_5_B_D1",1.7,"B",35,"F",5,"B","B_35 ","35_B","B_pH_5","35_pH_5","pH_5_B","F_35","D1",1.207175409,0.025440485,0,0.193465251,0.29629508,0,0,0,0,1.722376225,NA
"B_35_F_5_C_D1",1.7,"B",35,"F",5,"C","B_35 ","35_B","B_pH_5","35_pH_5","pH_5_B","F_35","D1",0.869657279,0,0,0.178719436,0.256561201,0,0,0,0,1.304937916,NA
"B_35_F_7_A_D1",1.7,"B",35,"F",7,"A","B_35 ","35_B","B_pH_7","35_pH_7","pH_7_B","F_35","D1",0.571810674,0.053505361,0.05433288,0.32003018,2.259093036,0,0,0,0,3.258772131,NA
"B_35_F_7_B_D1",1.7,"B",35,"F",7,"B","B_35 ","35_B","B_pH_7","35_pH_7","pH_7_B","F_35","D1",0.713090966,0,0.05433288,0.366965713,1.702380239,0,0,0,0,2.836769798,NA
"B_35_F_7_C_D1",1.7,"B",35,"F",7,"C","B_35 ","35_B","B_pH_7","35_pH_7","pH_7_B","F_35","D1",0.98149159,0.090248418,0.082533459,0.358116539,2.176046969,0,0,0,0,3.688436975,NA
"B_35_F_9_A_D1",1.7,"B",35,"F",9,"A","B_35 ","35_B","B_pH_9","35_pH_9","pH_9_B","F_35","D1",0.13213943,0.090248418,0.077942322,0.078695871,1.140639708,0,0,0,0,1.519665749,NA
"B_35_F_9_B_D1",1.7,"B",35,"F",9,"B","B_35 ","35_B","B_pH_9","35_pH_9","pH_9_B","F_35","D1",0.130373625,0.082628235,0.077524946,0.166458483,0.798158845,0,0,0,0,1.255144134,NA
"B_35_F_9_C_D1",1.7,"B",35,"F",9,"C","B_35 ","35_B","B_pH_9","35_pH_9","pH_9_B","F_35","D1",0.092703121,0.07119796,0.082533459,0.372313432,1.140639708,0,0,0,0,1.75938768,NA
"B_45_F_5_A_D1",1.7,"B",45,"F",5,"A","B_45 ","45_B","B_pH_5","45_pH_5","pH_5_B","F_45","D1",0,0,0,0.123230423,0.265040706,0.039146234,0.17432205,0.387615481,0,0.989354894,NA
"B_45_F_5_B_D1",1.7,"B",45,"F",5,"B","B_45 ","45_B","B_pH_5","45_pH_5","pH_5_B","F_45","D1",0,0,0,0,0.210173553,0,0.156030811,0.377124014,0,0.743328378,NA
"B_45_F_5_C_D1",1.7,"B",45,"F",5,"C","B_45 ","45_B","B_pH_5","45_pH_5","pH_5_B","F_45","D1",0,0,0,0.090845038,0.550189343,0.058157155,0.166318069,0.492001687,0,1.357511292,NA
"B_45_F_7_A_D1",1.7,"B",45,"F",7,"A","B_45 ","45_B","B_pH_7","45_pH_7","pH_7_B","F_45","D1",0.769595001,0.094058509,0.086707221,0.295521147,0.670724105,0,0,0,0,1.916605983,NA
"B_45_F_7_B_D1",1.7,"B",45,"F",7,"B","B_45 ","45_B","B_pH_7","45_pH_7","pH_7_B","F_45","D1",0.364637076,0,0.086707221,0.451041658,0.70258279,0,0,0,0,1.604968745,NA
"B_45_F_7_C_D1",1.7,"B",45,"F",7,"C","B_45 ","45_B","B_pH_7","45_pH_7","pH_7_B","F_45","D1",0.838058753,0.058182841,0.074806346,0.37339269,0.784553278,0,0,0,0,2.128993908,NA
"B_45_F_9_A_D1",1.7,"B",45,"F",9,"A","B_45 ","45_B","B_pH_9","45_pH_9","pH_9_B","F_45","D1",0.387857456,0.095602675,0.064569613,0.055954166,1.575531559,0,0,0,0,2.179515469,NA
"B_45_F_9_B_D1",1.7,"B",45,"F",9,"B","B_45 ","45_B","B_pH_9","45_pH_9","pH_9_B","F_45","D1",0.261043188,0.109298875,0.078359698,0.050302085,1.379579845,0,0,0,0,1.878583691,NA
"B_45_F_9_C_D1",1.7,"B",45,"F",9,"C","B_45 ","45_B","B_pH_9","45_pH_9","pH_9_B","F_45","D1",0.158767238,0.055275615,0.04051329,0.002854182,1.387568701,0,0,0,0,1.644979026,NA
"A_35_F_5_A_D2",3.3,"A",35,"F",5,"A","A_35 ","35_A","A_pH_5","35_pH_5","pH_5_A","F_35","D2",1.034284468,0.079611735,0.048942785,0.260412815,0.868033205,0.037204312,0.129433359,0,0,2.457922679,NA
"A_35_F_5_B_D2",3.3,"A",35,"F",5,"B","A_35 ","35_A","A_pH_5","35_pH_5","pH_5_A","F_35","D2",1.287191755,0.136401309,0.097653097,0.340925257,0.732450529,0,0,0,0,2.594621947,NA
"A_35_F_5_C_D2",3.3,"A",35,"F",5,"C","A_35 ","35_A","A_pH_5","35_pH_5","pH_5_A","F_35","D2",1.098830489,0.126880875,0.097958297,0.332372988,0.582830864,0,0.138513908,0,0,2.377387421,NA
"A_35_F_7_A_D2",3.3,"A",35,"F",7,"A","A_35 ","35_A","A_pH_7","35_pH_7","pH_7_A","F_35","D2",1.022405782,0.1375536,0.108519248,0.586669727,2.790053413,0.19154339,0,0,0,4.83674516,NA
"A_35_F_7_B_D2",3.3,"A",35,"F",7,"B","A_35 ","35_A","A_pH_7","35_pH_7","pH_7_A","F_35","D2",0.895718696,0.125065245,0.104605086,0.321641261,2.208827238,0.156761713,0,0,0,3.812619239,NA
"A_35_F_7_C_D2",3.3,"A",35,"F",7,"C","A_35 ","35_A","A_pH_7","35_pH_7","pH_7_A","F_35","D2",0.982977296,0.111452529,0.07441731,0.493328169,2.680250962,0.08289946,0,0,0,4.425325726,NA
"A_35_F_9_A_D2",3.3,"A",35,"F",9,"A","A_35 ","35_A","A_pH_9","35_pH_9","pH_9_A","F_35","D2",0,0.118798759,0.094923821,0.159395679,1.528063033,0,0,0,0,1.901181292,NA
"A_35_F_9_B_D2",3.3,"A",35,"F",9,"B","A_35 ","35_A","A_pH_9","35_pH_9","pH_9_A","F_35","D2",0.002390943,0.071103327,0.051645585,0.044466038,1.517870544,0,0,0,0,1.687476437,NA
"A_35_F_9_C_D2",3.3,"A",35,"F",9,"C","A_35 ","35_A","A_pH_9","35_pH_9","pH_9_A","F_35","D2",0.265054115,0.079772709,0.053667772,0,1.534015271,0,0,0,0,1.932509867,NA
"A_45_F_5_A_D2",3.3,"A",45,"F",5,"A","A_45 ","45_A","A_pH_5","45_pH_5","pH_5_A","F_45","D2",0.367819979,0.162651557,0.105421514,0.838270059,0.606091579,0.503136431,0.125294221,0,0,2.70868534,NA
"A_45_F_5_B_D2",3.3,"A",45,"F",5,"B","A_45 ","45_A","A_pH_5","45_pH_5","pH_5_A","F_45","D2",0.25324557,0.136567884,0.093993763,0.595973734,0.546016981,0.39781741,0,0,0,2.023615342,NA
"A_45_F_5_C_D2",3.3,"A",45,"F",5,"C","A_45 ","45_A","A_pH_5","45_pH_5","pH_5_A","F_45","D2",0.202563511,0.166295928,0.11024837,0.825461889,0.767270487,0.371291208,0.14476304,0,0,2.587894433,NA
"A_45_F_7_A_D2",3.3,"A",45,"F",7,"A","A_45 ","45_A","A_pH_7","45_pH_7","pH_7_A","F_45","D2",0.739692826,0.14730058,0.124085327,0.302302369,2.590007178,0.153134682,0,0,0,4.056522962,NA
"A_45_F_7_B_D2",3.3,"A",45,"F",7,"B","A_45 ","45_A","A_pH_7","45_pH_7","pH_7_A","F_45","D2",0.9755371,0.126979437,0.089802978,0.864181323,1.938294652,0.089237895,0,0,0.010709215,4.0947426,NA
"A_45_F_7_C_D2",3.3,"A",45,"F",7,"C","A_45 ","45_A","A_pH_7","45_pH_7","pH_7_A","F_45","D2",0.759701897,0.134898676,0.111610821,0.517324386,1.912827182,0.147368057,0,0,0,3.583731019,NA
"A_45_F_9_A_D2",3.3,"A",45,"F",9,"A","A_45 ","45_A","A_pH_9","45_pH_9","pH_9_A","F_45","D2",0,0.06618391,0,0.018256072,1.740914329,0,0,0,0,1.825354311,NA
"A_45_F_9_B_D2",3.3,"A",45,"F",9,"B","A_45 ","45_A","A_pH_9","45_pH_9","pH_9_A","F_45","D2",0,0,0,0,1.030326864,0,0,0,0,1.030326864,NA
"A_45_F_9_C_D2",3.3,"A",45,"F",9,"C","A_45 ","45_A","A_pH_9","45_pH_9","pH_9_A","F_45","D2",0,0.123408785,0,0,1.453373793,0,0,0,0,1.576782578,NA
"A_35_M_5_A_D2",3.48,"A",35,"M",5,"A","A_35","35_A","A_pH_5","35_pH_5","pH_5_A","M_35","D2",0,0,0,0.191782285,0.60490237,0,0,0,0,0.796684655,NA
"A_35_M_5_B_D2",3.48,"A",35,"M",5,"B","A_35","35_A","A_pH_5","35_pH_5","pH_5_A","M_35","D2",0,0,0,0.177746691,0.782968126,0,0,0,0,0.960714817,NA
"A_35_M_5_C_D2",3.48,"A",35,"M",5,"C","A_35","35_A","A_pH_5","35_pH_5","pH_5_A","M_35","D2",0,0,0,0.176155871,0.807377258,0,0,0,0,0.983533129,NA
"A_35_M_7_A_D2",3.48,"A",35,"M",7,"A","A_35","35_A","A_pH_7","35_pH_7","pH_7_A","M_35","D2",0.082661332,0,0,0.925375895,1.599875988,0,0,0,0,2.607913215,NA
"A_35_M_7_B_D2",3.48,"A",35,"M",7,"B","A_35","35_A","A_pH_7","35_pH_7","pH_7_A","M_35","D2",0,0,0.242505754,0.890869753,0.840748597,0,0,0,0,1.974124104,NA
"A_35_M_7_B_D2_2",3.48,"A",35,"M",7,"B","A_35","35_A","A_pH_7","35_pH_7","pH_7_A","M_35","D2",0,0,0,1.124254091,1.249936858,0,0,0,0,2.374190949,NA
"A_35_M_7_B_D2_a",3.48,"A",35,"M",7,"B","A_35","35_A","A_pH_7","35_pH_7","pH_7_A","M_35","D2",0,0,0,0.944371349,1.032323122,0,0,0,0,1.976694471,NA
"A_35_M_7_C_D2",3.48,"A",35,"M",7,"C","A_35","35_A","A_pH_7","35_pH_7","pH_7_A","M_35","D2",0,0,0,0.848959797,1.145237304,0,0,0,0,1.994197101,NA
"A_35_M_9_A_D2",3.48,"A",35,"M",9,"A","A_35","35_A","A_pH_9","35_pH_9","pH_9_A","M_35","D2",0,0,0,0.051560024,1.109775515,0,0,0,0,1.161335539,NA
"A_35_M_9_B_D2",3.48,"A",35,"M",9,"B","A_35","35_A","A_pH_9","35_pH_9","pH_9_A","M_35","D2",0,0.0449264,0.037346686,0.153796121,1.144626844,0,0,0,0,1.380696051,NA
"A_35_M_9_C_D2",3.48,"A",35,"M",9,"C","A_35","35_A","A_pH_9","35_pH_9","pH_9_A","M_35","D2",0,0,0,0.189205001,1.186920152,0,0,0,0,1.376125153,NA
"A_45_M_5_A_D2",3.48,"A",45,"M",5,"A","A_45","45_A","A_pH_5","45_pH_5","pH_5_A","M_45","D2",0,0,0,0.180171334,0.735234216,0,0,0,0,0.91540555,NA
"A_45_M_5_B_D2",3.48,"A",45,"M",5,"B","A_45","45_A","A_pH_5","45_pH_5","pH_5_A","M_45","D2",0,0,0,0,0.546941966,0,0,0,0,0.546941966,NA
"A_45_M_5_C_D2",3.48,"A",45,"M",5,"C","A_45","45_A","A_pH_5","45_pH_5","pH_5_A","M_45","D2",0,0,0,0.144011638,0.605784,0,0,0,0,0.749795638,NA
"A_45_M_7_A_D2",3.48,"A",45,"M",7,"A","A_45","45_A","A_pH_7","45_pH_7","pH_7_A","M_45","D2",0,0,0,0.385500758,1.273214036,0,0,0,0,1.658714794,NA
"A_45_M_7_B_D2",3.48,"A",45,"M",7,"B","A_45","45_A","A_pH_7","45_pH_7","pH_7_A","M_45","D2",0,0,0,0.390515588,1.815523315,0,0,0,0,2.206038903,NA
"A_45_M_7_C_D2",3.48,"A",45,"M",7,"C","A_45","45_A","A_pH_7","45_pH_7","pH_7_A","M_45","D2",0,0,0,0.270272745,0.405958349,0,0,0,0,0.676231094,NA
"A_45_M_9_A_D2",3.48,"A",45,"M",9,"A","A_45","45_A","A_pH_9","45_pH_9","pH_9_A","M_45","D2",0,0,0,0,0.878583535,0,0,0,0,0.878583535,NA
"A_45_M_9_B_D2",3.48,"A",45,"M",9,"B","A_45","45_A","A_pH_9","45_pH_9","pH_9_A","M_45","D2",0,0.027174316,0,0.03020989,1.702663484,0,0,0,0,1.76004769,NA
"A_45_M_9_C_D2",3.48,"A",45,"M",9,"C","A_45","45_A","A_pH_9","45_pH_9","pH_9_A","M_45","D2",0,0.037094569,0,0.029047371,1.719808865,0,0,0,0,1.785950805,NA
"B_35_M_5_A_D2",3.7,"B",35,"M",5,"A","B_35","35_B","B_pH_5","35_pH_5","pH_5_B","M_35","D2",0,0,0,0,0.4,0,0,0,0,0.4,NA
"B_35_M_5_B_D2",3.7,"B",35,"M",5,"B","B_35","35_B","B_pH_5","35_pH_5","pH_5_B","M_35","D2",0,0,0,0.1,0.3,0,0,0,0,0.4,NA
"B_35_M_5_C_D2",3.7,"B",35,"M",5,"C","B_35","35_B","B_pH_5","35_pH_5","pH_5_B","M_35","D2",0,0,0,0,0.4,0,0,0,0,0.4,NA
"B_35_M_7_A_D2",3.7,"B",35,"M",7,"A","B_35","35_B","B_pH_7","35_pH_7","pH_7_B","M_35","D2",0,0,0,0.4,0.8,0,0,0,0,1.2,NA
"B_35_M_7_B_D2",3.7,"B",35,"M",7,"B","B_35","35_B","B_pH_7","35_pH_7","pH_7_B","M_35","D2",0,0,0,0.8,1.3,0,0,0,0,2.1,NA
"B_35_M_7_C_D2",3.7,"B",35,"M",7,"C","B_35","35_B","B_pH_7","35_pH_7","pH_7_B","M_35","D2",0,0,0,0.6,0.9,0,0,0,0,1.5,NA
"B_35_M_9_A_D2",3.7,"B",35,"M",9,"A","B_35","35_B","B_pH_9","35_pH_9","pH_9_B","M_35","D2",0,0,0,0.2,1.1,0,0,0,0,1.3,NA
"B_35_M_9_B_D2",3.7,"B",35,"M",9,"B","B_35","35_B","B_pH_9","35_pH_9","pH_9_B","M_35","D2",0.1,0,0,0.2,0.7,0,0,0,0,1,NA
"B_35_M_9_C_D2",3.7,"B",35,"M",9,"C","B_35","35_B","B_pH_9","35_pH_9","pH_9_B","M_35","D2",0.4,0.1,0,0.7,0.6,0,0,0,0,1.8,NA
"B_45_M_5_A_D2",3.7,"B",45,"M",5,"A","B_45","45_B","B_pH_5","45_pH_5","pH_5_B","M_45","D2",0,0,0,0.1,0.4,0,0,0,0,0.5,NA
"B_45_M_5_B_D2",3.7,"B",45,"M",5,"B","B_45","45_B","B_pH_5","45_pH_5","pH_5_B","M_45","D2",0.3,0,0,0.2,0.5,0,0,0,0,1,NA
"B_45_M_5_C_D2",3.7,"B",45,"M",5,"C","B_45","45_B","B_pH_5","45_pH_5","pH_5_B","M_45","D2",0,0,0,0.1,0.5,0,0,0,0,0.6,NA
"B_45_M_7_A_D2",3.7,"B",45,"M",7,"A","B_45","45_B","B_pH_7","45_pH_7","pH_7_B","M_45","D2",0,0,0,0.4,1.6,0,0,0,0,2,NA
"B_45_M_7_B_D2",3.7,"B",45,"M",7,"B","B_45","45_B","B_pH_7","45_pH_7","pH_7_B","M_45","D2",0,0,0,0.2,0.8,0,0,0,0,1,NA
"B_45_M_7_C_D2",3.7,"B",45,"M",7,"C","B_45","45_B","B_pH_7","45_pH_7","pH_7_B","M_45","D2",0,0,0,0.4,1.2,0,0,0,0,1.6,NA
"B_45_M_9_A_D2",3.7,"B",45,"M",9,"A","B_45","45_B","B_pH_9","45_pH_9","pH_9_B","M_45","D2",0,0.1,0,0.2,1.2,0,0,0,0,1.5,NA
"B_45_M_9_B_D2",3.7,"B",45,"M",9,"B","B_45","45_B","B_pH_9","45_pH_9","pH_9_B","M_45","D2",0,0.1,0,0.1,1.1,0,0,0,0,1.3,NA
"B_45_M_9_C_D2",3.7,"B",45,"M",9,"C","B_45","45_B","B_pH_9","45_pH_9","pH_9_B","M_45","D2",0,0,0,0.1,1.4,0,0,0,0,1.5,NA
"B_35_F_5_A_D2",4.8,"B",35,"F",5,"A","B_35 ","35_B","B_pH_5","35_pH_5","pH_5_B","F_35","D2",1.028579721,0.090248418,0.086707221,0.200014775,0.455677982,0,0,0,0,1.861228117,NA
"B_35_F_5_B_D2",4.8,"B",35,"F",5,"B","B_35 ","35_B","B_pH_5","35_pH_5","pH_5_B","F_35","D2",1.253894603,0.055275615,0,0.270161568,0.920748165,0,0,0,0,2.500079951,NA
"B_35_F_5_C_D2",4.8,"B",35,"F",5,"C","B_35 ","35_B","B_pH_5","35_pH_5","pH_5_B","F_35","D2",0.828977459,0.02849484,0,0.236957725,0.439536244,0,0.230952569,0,0,1.764918837,NA
"B_35_F_7_A_D2",4.8,"B",35,"F",7,"A","B_35 ","35_B","B_pH_7","35_pH_7","pH_7_B","F_35","D2",0.869657279,0.113108966,0.095054744,0.52331675,1.937106832,0,0,0,0,3.538244571,NA
"B_35_F_7_B_D2",4.8,"B",35,"F",7,"B","B_35 ","35_B","B_pH_7","35_pH_7","pH_7_B","F_35","D2",0.910859394,0.116919058,0.095054744,0.539449583,1.777813407,0,0,0,0,3.440096186,NA
"B_35_F_7_C_D2",4.8,"B",35,"F",7,"C","B_35 ","35_B","B_pH_7","35_pH_7","pH_7_B","F_35","D2",0.505248654,0.072215279,0.074806346,0.541005704,1.966138117,0,0,0,0,3.1594141,NA
"B_35_F_9_A_D2",4.8,"B",35,"F",9,"A","B_35 ","35_B","B_pH_9","35_pH_9","pH_9_B","F_35","D2",0.0873039,0.076700235,0.05433288,0.670328448,3.16850254,0,0,0,0,4.057168003,NA
"B_35_F_9_B_D2",4.8,"B",35,"F",9,"B","B_35 ","35_B","B_pH_9","35_pH_9","pH_9_B","F_35","D2",0.07683129,0.053505361,0.05433288,0.627890818,3.333261072,0,0,0,0,4.145821421,NA
"B_35_F_9_C_D2",4.8,"B",35,"F",9,"C","B_35 ","35_B","B_pH_9","35_pH_9","pH_9_B","F_35","D2",0.100354942,0.086438326,0.086707221,0.68851696,2.89286738,0,0,0,0,3.854884829,NA
"B_45_F_5_A_D2",4.8,"B",45,"F",5,"A","B_45 ","45_B","B_pH_5","45_pH_5","pH_5_B","F_45","D2",0.210560439,0.13302251,0.059451247,0.248196031,0.276764752,0.492909377,0.366348262,0.559529789,0,2.346782407,NA
"B_45_F_5_B_D2",4.8,"B",45,"F",5,"B","B_45 ","45_B","B_pH_5","45_pH_5","pH_5_B","F_45","D2",0,0,0,0.003760844,0.335198706,0.042829626,0.156929229,0.373487446,0,0.912205851,NA
"B_45_F_5_C_D2",4.8,"B",45,"F",5,"C","B_45 ","45_B","B_pH_5","45_pH_5","pH_5_B","F_45","D2",0.339448714,0.058182841,0.059451247,0.293348925,0.628310655,0.202095053,0.312700558,0,0,1.893537993,NA
"B_45_F_7_A_D2",4.8,"B",45,"F",7,"A","B_45 ","45_B","B_pH_7","45_pH_7","pH_7_B","F_45","D2",0.558575641,0.08205639,0.079924713,0.609552374,1.324606394,0,0,0,0,2.654715512,NA
"B_45_F_7_B_D2",4.8,"B",45,"F",7,"B","B_45 ","45_B","B_pH_7","45_pH_7","pH_7_B","F_45","D2",0.376409109,0.075008052,0.095054744,0.70787636,1.060992996,0,0,0,0,2.315341261,NA
"B_45_F_7_C_D2",4.8,"B",45,"F",7,"C","B_45 ","45_B","B_pH_7","45_pH_7","pH_7_B","F_45","D2",0.893201345,0.120729149,0.11174979,0.472982311,0.758335489,0,0,0,0,2.356998084,NA
"B_45_F_9_A_D2",4.8,"B",45,"F",9,"A","B_45 ","45_B","B_pH_9","45_pH_9","pH_9_B","F_45","D2",0.249859757,0.166450247,0.120097313,0.14258189,1.937106832,0,0,0,0,2.616096039,NA
"B_45_F_9_B_D2",4.8,"B",45,"F",9,"B","B_45 ","45_B","B_pH_9","45_pH_9","pH_9_B","F_45","D2",0.233554591,0.100280154,0.059451247,0.110000811,1.575531559,0,0,0,0,2.078818362,NA
"B_45_F_9_C_D2",4.8,"B",45,"F",9,"C","B_45 ","45_B","B_pH_9","45_pH_9","pH_9_B","F_45","D2",0.219637078,0.165764865,0.085043079,0.120946967,1.868486478,0,0,0,0,2.459878467,NA
"B_35_M_5_A_D3",5.7,"B",35,"M",5,"A","B_35","35_B","B_pH_5","35_pH_5","pH_5_B","M_35","D3",0,0,0,0.1,0.3,0,0,0,0,0.4,NA
"B_35_M_5_B_D3",5.7,"B",35,"M",5,"B","B_35","35_B","B_pH_5","35_pH_5","pH_5_B","M_35","D3",0,0,0,0.1,0.5,0,0,0,0,0.6,NA
"B_35_M_7_A_D3",5.7,"B",35,"M",7,"A","B_35","35_B","B_pH_7","35_pH_7","pH_7_B","M_35","D3",0,0,0,0.9,1.7,0,0,0,0,2.6,NA
"B_35_M_7_B_D3",5.7,"B",35,"M",7,"B","B_35","35_B","B_pH_7","35_pH_7","pH_7_B","M_35","D3",0.1,0,0,0.8,0.5,0,0,0,0,1.4,NA
"B_35_M_7_C_D3",5.7,"B",35,"M",7,"C","B_35","35_B","B_pH_7","35_pH_7","pH_7_B","M_35","D3",0,0,0,0.6,0.5,0,0,0,0,1.1,NA
"B_35_M_9_A_D3",5.7,"B",35,"M",9,"A","B_35","35_B","B_pH_9","35_pH_9","pH_9_B","M_35","D3",0,0.1,0,0.3,0.9,0,0,0,0,1.3,NA
"B_35_M_9_B_D3",5.7,"B",35,"M",9,"B","B_35","35_B","B_pH_9","35_pH_9","pH_9_B","M_35","D3",0,0,0,0,0.4,0,0,0,0,0.4,NA
"B_35_M_9_C_D3",5.7,"B",35,"M",9,"C","B_35","35_B","B_pH_9","35_pH_9","pH_9_B","M_35","D3",0,0.1,0,0.3,1.7,0,0,0,0,2.1,NA
"B_45_M_5_A_D3",5.7,"B",45,"M",5,"A","B_45","45_B","B_pH_5","45_pH_5","pH_5_B","M_45","D3",0.1,0,0,0.2,0.5,0,0,0,0,0.8,NA
"B_45_M_5_B_D3",5.7,"B",45,"M",5,"B","B_45","45_B","B_pH_5","45_pH_5","pH_5_B","M_45","D3",0.3,0.1,0,0.3,0.3,0,0,0,0,1,NA
"B_45_M_5_C_D3",5.7,"B",45,"M",5,"C","B_45","45_B","B_pH_5","45_pH_5","pH_5_B","M_45","D3",0,0,0,0,0.4,0,0,0,0,0.4,NA
"B_45_M_7_A_D3",5.7,"B",45,"M",7,"A","B_45","45_B","B_pH_7","45_pH_7","pH_7_B","M_45","D3",0,0,0,0.3,0.6,0,0,0,0,0.9,NA
"B_45_M_7_B_D3",5.7,"B",45,"M",7,"B","B_45","45_B","B_pH_7","45_pH_7","pH_7_B","M_45","D3",0,0,0,0.3,0.9,0,0,0,0,1.2,NA
"B_45_M_7_C_D3",5.7,"B",45,"M",7,"C","B_45","45_B","B_pH_7","45_pH_7","pH_7_B","M_45","D3",0,0,0,0.6,0.3,0,0,0,0,0.9,NA
"B_45_M_9_A_D3",5.7,"B",45,"M",9,"A","B_45","45_B","B_pH_9","45_pH_9","pH_9_B","M_45","D3",0,0.1,0,0.2,1.8,0,0,0,0,2.1,NA
"B_45_M_9_B_D3",5.7,"B",45,"M",9,"B","B_45","45_B","B_pH_9","45_pH_9","pH_9_B","M_45","D3",0,0.1,0,0.2,1.4,0,0,0,0,1.7,NA
"B_45_M_9_C_D3",5.7,"B",45,"M",9,"C","B_45","45_B","B_pH_9","45_pH_9","pH_9_B","M_45","D3",0,0,0,0.1,1.7,0,0,0,0,1.8,NA
"A_35_M_5_A_D3",6.47,"A",35,"M",5,"A","A_35","35_A","A_pH_5","35_pH_5","pH_5_A","M_35","D3",0,0,0,0.319461393,1.333619374,0,0,0,0,1.653080767,NA
"A_35_M_5_B_D3",6.47,"A",35,"M",5,"B","A_35","35_A","A_pH_5","35_pH_5","pH_5_A","M_35","D3",0,0,0,0.140725727,0.598233604,0,0,0,0,0.738959331,NA
"A_35_M_5_C_D3",6.47,"A",35,"M",5,"C","A_35","35_A","A_pH_5","35_pH_5","pH_5_A","M_35","D3",0,0,0,0.228114017,0.760411625,0,0,0,0,0.988525642,NA
"A_35_M_7_A_D3",6.47,"A",35,"M",7,"A","A_35","35_A","A_pH_7","35_pH_7","pH_7_A","M_35","D3",0,0,0,0.741704343,1.283225116,0,0,0,0,2.024929459,NA
"A_35_M_7_B_D3",6.47,"A",35,"M",7,"B","A_35","35_A","A_pH_7","35_pH_7","pH_7_A","M_35","D3",0,0,0,0.85414818,0.501555257,0,0,0,0,1.355703437,NA
"A_35_M_7_C_D3",6.47,"A",35,"M",7,"C","A_35","35_A","A_pH_7","35_pH_7","pH_7_A","M_35","D3",0,0,0,1.050004908,1.393198207,0,0,0,0,2.443203115,NA
"A_35_M_9_A_D3",6.47,"A",35,"M",9,"A","A_35","35_A","A_pH_9","35_pH_9","pH_9_A","M_35","D3",0,0,0,0.049995706,1.479544348,0,0,0,0,1.529540054,NA
"A_35_M_9_B_D3",6.47,"A",35,"M",9,"B","A_35","35_A","A_pH_9","35_pH_9","pH_9_A","M_35","D3",0,0,0,0.416885016,1.281966869,0,0,0,0,1.698851885,NA
"A_35_M_9_C_D3",6.47,"A",35,"M",9,"C","A_35","35_A","A_pH_9","35_pH_9","pH_9_A","M_35","D3",0,0,0,0.142497575,1.614294858,0,0,0,0,1.756792433,NA
"A_45_M_5_A_D3",6.47,"A",45,"M",5,"A","A_45","45_A","A_pH_5","45_pH_5","pH_5_A","M_45","D3",0,0,0,0.101462701,0.385895513,0,0,0,0,0.487358214,NA
"A_45_M_5_B_D3",6.47,"A",45,"M",5,"B","A_45","45_A","A_pH_5","45_pH_5","pH_5_A","M_45","D3",0,0,0,0.077372466,0.389665522,0,0,0,0,0.467037988,NA
"A_45_M_5_C_D3",6.47,"A",45,"M",5,"C","A_45","45_A","A_pH_5","45_pH_5","pH_5_A","M_45","D3",0,0,0,0.158899844,0.437401062,0,0,0,0,0.596300906,NA
"A_45_M_7_A_D3",6.47,"A",45,"M",7,"A","A_45","45_A","A_pH_7","45_pH_7","pH_7_A","M_45","D3",0,0,0,0.559022731,0.381828696,0,0,0,0,0.940851427,NA
"A_45_M_7_B_D3",6.47,"A",45,"M",7,"B","A_45","45_A","A_pH_7","45_pH_7","pH_7_A","M_45","D3",0,0,0,0.635587386,0.403827032,0,0,0,0,1.039414418,NA
"A_45_M_7_C_D3",6.47,"A",45,"M",7,"C","A_45","45_A","A_pH_7","45_pH_7","pH_7_A","M_45","D3",0,0,0,0.57740925,0.478085127,0,0,0,0,1.055494377,NA
"A_45_M_9_A_D3",6.47,"A",45,"M",9,"A","A_45","45_A","A_pH_9","45_pH_9","pH_9_A","M_45","D3",0,0,0,0.08243945,2.35101266,0,0,0,0,2.43345211,NA
"A_45_M_9_B_D3",6.47,"A",45,"M",9,"B","A_45","45_A","A_pH_9","45_pH_9","pH_9_A","M_45","D3",0,0.012434906,0,0.096408405,2.237169719,0.11489363,0,0,0,2.46090666,NA
"A_45_M_9_C_D3",6.47,"A",45,"M",9,"C","A_45","45_A","A_pH_9","45_pH_9","pH_9_A","M_45","D3",0,0.012207636,0,0.186542759,1.957685267,0,0.153788499,0,0,2.310224161,NA
"A_35_F_5_A_D3",7.2,"A",35,"F",5,"A","A_35 ","35_A","A_pH_5","35_pH_5","pH_5_A","F_35","D3",1.08745424,0.105413931,0.063872434,0.33708401,0.670587434,0.071604105,0.137687488,0,0,2.473703642,NA
"A_35_F_5_B_D3",7.2,"A",35,"F",5,"B","A_35 ","35_A","A_pH_5","35_pH_5","pH_5_A","F_35","D3",1.366642103,0.167090667,0.11175025,0.422460544,0.834411645,0.178096831,0.116652432,0,0,3.197104472,NA
"A_35_F_5_C_D3",7.2,"A",35,"F",5,"C","A_35 ","35_A","A_pH_5","35_pH_5","pH_5_A","F_35","D3",1.063108574,0.140641856,0.102820667,0.397582415,1.274374642,0.146367026,0.150700434,0,0,3.275595614,NA
"A_35_F_7_A_D3",7.2,"A",35,"F",7,"A","A_35 ","35_A","A_pH_7","35_pH_7","pH_7_A","F_35","D3",0.664708253,0.15235967,0.117482076,0.189437453,0.188300523,0.153405464,0,0,0,1.465693439,NA
"A_35_F_7_B_D3",7.2,"A",35,"F",7,"B","A_35 ","35_A","A_pH_7","35_pH_7","pH_7_A","F_35","D3",0.918177755,0.104333463,0.073567691,0.515570616,2.156624418,0.092920728,0.005420507,0,0,3.866615178,NA
"A_35_F_7_C_D3",7.2,"A",35,"F",7,"C","A_35 ","35_A","A_pH_7","35_pH_7","pH_7_A","F_35","D3",0.540181557,0.112947035,0.076063848,0.18674115,0.129674251,0.069824612,0.007662675,0,0,1.123095128,NA
"A_35_F_9_A_D3",7.2,"A",35,"F",9,"A","A_35 ","35_A","A_pH_9","35_pH_9","pH_9_A","F_35","D3",0,0.116850673,0.068156092,0.555662771,2.458850737,0,0,0,0.134531682,3.334051955,NA
"A_35_F_9_B_D3",7.2,"A",35,"F",9,"B","A_35 ","35_A","A_pH_9","35_pH_9","pH_9_A","F_35","D3",0,0.087960272,0.058704402,0.439130825,2.39284534,0,0,0,0,2.978640839,NA
"A_35_F_9_C_D3",7.2,"A",35,"F",9,"C","A_35 ","35_A","A_pH_9","35_pH_9","pH_9_A","F_35","D3",0.268355821,0.129592702,0.100886871,0.126333866,2.572976618,0.145506848,0,0,0,3.343652726,NA
"A_45_F_5_A_D3",7.2,"A",45,"F",5,"A","A_45 ","45_A","A_pH_5","45_pH_5","pH_5_A","F_45","D3",0.387347892,0.181470557,0.115737978,0.750928865,0.699813974,0.503468664,0.13504375,0,0,2.77381168,NA
"A_45_F_5_B_D3",7.2,"A",45,"F",5,"B","A_45 ","45_A","A_pH_5","45_pH_5","pH_5_A","F_45","D3",0.465376966,0.15071697,0.07489892,0.872801885,0.211296719,0.453023219,0.025833829,0,0,2.253948508,NA
"A_45_F_5_C_D3",7.2,"A",45,"F",5,"C","A_45 ","45_A","A_pH_5","45_pH_5","pH_5_A","F_45","D3",0.14958407,0.185341417,0.114704137,0.976516789,1.154215153,0.382511247,0.131848463,0,0,3.094721276,NA
"A_45_F_7_A_D3",7.2,"A",45,"F",7,"A","A_45 ","45_A","A_pH_7","45_pH_7","pH_7_A","F_45","D3",0,0.108146151,0.104015445,0.291802398,0.174820501,0,0,0,0,0.678784495,NA
"A_45_F_7_B_D3",7.2,"A",45,"F",7,"B","A_45 ","45_A","A_pH_7","45_pH_7","pH_7_A","F_45","D3",0,0.097800653,0.071513444,0.566944898,0,0,0,0,0,0.736258995,NA
"A_45_F_7_C_D3",7.2,"A",45,"F",7,"C","A_45 ","45_A","A_pH_7","45_pH_7","pH_7_A","F_45","D3",0.7648627,0.166850465,0.128497812,0.584658282,0.418620335,0.158171044,0,0,0,2.221660638,NA
"A_45_F_9_A_D3",7.2,"A",45,"F",9,"A","A_45 ","45_A","A_pH_9","45_pH_9","pH_9_A","F_45","D3",0,0.137832672,0.09018766,0,2.598108626,0,0,0,0,2.826128958,NA
"A_45_F_9_B_D3",7.2,"A",45,"F",9,"B","A_45 ","45_A","A_pH_9","45_pH_9","pH_9_A","F_45","D3",0,0.030508383,0,0,1.434484867,0,0,0,0,1.46499325,NA
"A_45_F_9_C_D3",7.2,"A",45,"F",9,"C","A_45 ","45_A","A_pH_9","45_pH_9","pH_9_A","F_45","D3",0.011082363,0.119808277,0.060179039,0.021986106,1.561536655,0,0,0,0,1.77459244,NA
"B_35_F_5_A_D3_2",10.7,"B",35,"F",5,"A","B_35 ","35_B","B_pH_5","35_pH_5","pH_5_B","F_35","D3",1.322880538,0.101678692,0.086707221,0.32326962,1.060992996,0,0.140723663,0,0,3.03625273,NA
"B_35_F_5_B_D3_2",10.7,"B",35,"F",5,"B","B_35 ","35_B","B_pH_5","35_pH_5","pH_5_B","F_35","D3",1.291890707,0.114312592,0.090161446,0.417177314,1.673183198,0,0.190110462,0,0,3.776835719,NA
"B_35_F_5_C_D3_2",10.7,"B",35,"F",5,"C","B_35 ","35_B","B_pH_5","35_pH_5","pH_5_B","F_35","D3",0.745281658,0.055275615,0.059451247,0.321598667,0.822706858,0.075966988,0.381054422,0,0,2.461335455,NA
"B_35_F_7_A_D3_2",10.7,"B",35,"F",7,"A","B_35 ","35_B","B_pH_7","35_pH_7","pH_7_B","F_35","D3",0,0,0.095054744,0.502666724,0.296384557,0,0,0,0,0.894106025,NA
"B_35_F_7_B_D3_2",10.7,"B",35,"F",7,"B","B_35 ","35_B","B_pH_7","35_pH_7","pH_7_B","F_35","D3",0,0,0.05433288,0.452068187,0.130287293,0,0,0,0,0.63668836,NA
"B_35_F_7_C_D3_2",10.7,"B",35,"F",7,"C","B_35 ","35_B","B_pH_7","35_pH_7","pH_7_B","F_35","D3",0,0.034795444,0,0.452068187,0,0,0,0,0,0.486863631,NA
"B_35_F_9_A_D3_2",10.7,"B",35,"F",9,"A","B_35 ","35_B","B_pH_9","35_pH_9","pH_9_B","F_35","D3",0.149444403,0.086247716,0.06968798,0.808502392,3.235609432,0,0,0,0,4.349491923,NA
"B_35_F_9_B_D3_2",10.7,"B",35,"F",9,"B","B_35 ","35_B","B_pH_9","35_pH_9","pH_9_B","F_35","D3",0.260454587,0.105488784,0.090880983,0.746595159,2.813220668,0,0,0,0,4.016640181,NA
"B_35_F_9_C_D3_2",10.7,"B",35,"F",9,"C","B_35 ","35_B","B_pH_9","35_pH_9","pH_9_B","F_35","D3",0,0.033850995,0.079924713,0.733594288,2.817712541,0,0,0,0,3.665082537,NA
"B_45_F_5_A_D3",10.7,"B",45,"F",5,"A","B_45 ","45_B","B_pH_5","45_pH_5","pH_5_B","F_45","D3",0.255745774,0.189310796,0.103402267,0.243250768,0.519395352,0.450252692,0.615844181,0.471817034,0,2.849018864,NA
"B_45_F_5_B_D3",10.7,"B",45,"F",5,"B","B_45 ","45_B","B_pH_5","45_pH_5","pH_5_B","F_45","D3",0,0,0,0,0.352137256,0.08116476,0.146344722,0,0,0.579646738,NA
"B_45_F_5_C_D3_2",10.7,"B",45,"F",5,"C","B_45 ","45_B","B_pH_5","45_pH_5","pH_5_B","F_45","D3",0.097411934,0.151209881,0.090880983,0.266482048,0.591077393,0.199472896,0.374714255,0,0,1.77124939,NA
"B_45_F_7_A_D3_2",10.7,"B",45,"F",7,"A","B_45 ","45_B","B_pH_7","45_pH_7","pH_7_B","F_45","D3",0,0.045670348,0.115923552,0.411032232,0.12116179,0,0,0,0,0.693787922,NA
"B_45_F_7_B_D3_2",10.7,"B",45,"F",7,"B","B_45 ","45_B","B_pH_7","45_pH_7","pH_7_B","F_45","D3",0,0.044563305,0.064569613,0.738180714,0.810114396,0,0,0,0,1.657428028,NA
"B_45_F_7_C_D3_2",10.7,"B",45,"F",7,"C","B_45 ","45_B","B_pH_7","45_pH_7","pH_7_B","F_45","D3",0,0.030117965,0.079924713,0.486274924,0.19864344,0,0,0,0,0.794961042,NA
"B_45_F_9_A_D3_2",10.7,"B",45,"F",9,"A","B_45 ","45_B","B_pH_9","45_pH_9","pH_9_B","F_45","D3",0.255339316,0.157042561,0,0.239737687,2.655809465,0,0,0,0,3.307929029,NA
"B_45_F_9_B_D3_2",10.7,"B",45,"F",9,"B","B_45 ","45_B","B_pH_9","45_pH_9","pH_9_B","F_45","D3",0.174218771,0.087412546,0.074806346,0.147449734,1.459525624,0,0,0,0,1.943413021,NA
"B_45_F_9_C_D3_2",10.7,"B",45,"F",9,"C","B_45 ","45_B","B_pH_9","45_pH_9","pH_9_B","F_45","D3",0.202771626,0.204551162,0.115923552,0.136128756,1.698166695,0,0,0,0,2.357541791,NA
"A_35_M_5_A_D4",11.29,"A",35,"M",5,"A","A_35","35_A","A_pH_5","35_pH_5","pH_5_A","M_35","D4",0.043974292,0.000871977,0.004309412,0.646247368,0.975921777,0.051383352,0,0,0,1.722708178,NA
"A_35_M_5_B_D4",11.29,"A",35,"M",5,"B","A_35","35_A","A_pH_5","35_pH_5","pH_5_A","M_35","D4",0,0,0,0.255175663,0.669874408,0,0,0,0,0.925050071,NA
"A_35_M_5_C_D4",11.29,"A",35,"M",5,"C","A_35","35_A","A_pH_5","35_pH_5","pH_5_A","M_35","D4",0,0,0,0.385972217,0.802941983,0,0,0,0,1.1889142,NA
"A_35_M_7_A_D4",11.29,"A",35,"M",7,"A","A_35","35_A","A_pH_7","35_pH_7","pH_7_A","M_35","D4",0,0.040165845,0.038063736,0.525507287,0.791102921,0,0,0,0,1.394839789,NA
"A_35_M_7_B_D4",11.29,"A",35,"M",7,"B","A_35","35_A","A_pH_7","35_pH_7","pH_7_A","M_35","D4",0,0,0,0.882240911,0.27381603,0,0,0,0,1.156056941,NA
"A_35_M_7_C_D4",11.29,"A",35,"M",7,"C","A_35","35_A","A_pH_7","35_pH_7","pH_7_A","M_35","D4",0,0.013027431,0,0.882660116,0.344106074,0,0,0,0,1.239793621,NA
"A_35_M_9_A_D4",11.29,"A",35,"M",9,"A","A_35","35_A","A_pH_9","35_pH_9","pH_9_A","M_35","D4",0,0,0,0.203672124,1.206605612,0,0,0,0,1.410277736,NA
"A_35_M_9_B_D4",11.29,"A",35,"M",9,"B","A_35","35_A","A_pH_9","35_pH_9","pH_9_A","M_35","D4",0,0,0,0.269925051,2.45360502,0,0,0,0,2.723530071,NA
"A_35_M_9_C_D4",11.29,"A",35,"M",9,"C","A_35","35_A","A_pH_9","35_pH_9","pH_9_A","M_35","D4",0,0.048017828,0.052346047,0.390304545,1.828557451,0.052310271,0,0.346279516,0.030258892,2.74807455,NA
"A_45_M_5_A_D4",11.29,"A",45,"M",5,"A","A_45","45_A","A_pH_5","45_pH_5","pH_5_A","M_45","D4",0,0,0,0.092492537,0.556434338,0,0,0,0,0.648926875,NA
"A_45_M_5_B_D4",11.29,"A",45,"M",5,"B","A_45","45_A","A_pH_5","45_pH_5","pH_5_A","M_45","D4",0,0.003954059,0,0.157152051,0.233110532,0,0,0,0,0.394216642,NA
"A_45_M_5_C_D4",11.29,"A",45,"M",5,"C","A_45","45_A","A_pH_5","45_pH_5","pH_5_A","M_45","D4",0,0,0,0.099508881,0.159426724,0,0,0,0,0.258935605,NA
"A_45_M_7_B_D4",11.29,"A",45,"M",7,"B","A_45","45_A","A_pH_7","45_pH_7","pH_7_A","M_45","D4",0.045948519,0.050834331,0.048517686,0.310559555,0.279448628,0.111838302,0.136068448,0.39517205,0.08954607,1.467933589,NA
"A_45_M_9_A_D4",11.29,"A",45,"M",9,"A","A_45","45_A","A_pH_9","45_pH_9","pH_9_A","M_45","D4",0,0,0,0,1.705379131,0,0,0,0,1.705379131,NA
"A_45_M_9_B_D4",11.29,"A",45,"M",9,"B","A_45","45_A","A_pH_9","45_pH_9","pH_9_A","M_45","D4",0,0.019616595,0.005558003,0.170685727,2.693488259,0,0,0,0,2.889348584,NA
"A_45_M_9_C_D4",11.29,"A",45,"M",9,"C","A_45","45_A","A_pH_9","45_pH_9","pH_9_A","M_45","D4",0,0.020517878,0.006920234,0.140384329,3.104757041,0,0,0,0,3.272579482,NA
"A_35_F_5_A_D4",11.3,"A",35,"F",5,"A","A_35 ","35_A","A_pH_5","35_pH_5","pH_5_A","F_35","D4",1.193857547,0.121463466,0.071064387,0.423038984,1.206000152,0.121001524,0.170974663,0,0,3.307400723,NA
"A_35_F_5_A_D4_2",11.3,"A",35,"F",5,"A","A_35 ","35_A","A_pH_5","35_pH_5","pH_5_A","F_35","D4",1.131017132,0.116275076,0.068113207,0.519066792,1.218949058,0.118998205,0.158882746,0,0,3.331302216,NA
"A_35_F_5_B_D4",11.3,"A",35,"F",5,"B","A_35 ","35_A","A_pH_5","35_pH_5","pH_5_A","F_35","D4",1.292876712,0.186465854,0.118999779,0.585134892,1.060621144,0.234001265,0.121964023,0,0,3.600063669,NA
"A_35_F_5_C_D4",11.3,"A",35,"F",5,"C","A_35 ","35_A","A_pH_5","35_pH_5","pH_5_A","F_35","D4",1.242367092,0.163788297,0.111982678,0.630171618,1.551714867,0.192142716,0.186605287,0,0,4.078772555,NA
"A_35_F_5_C_D4_2",11.3,"A",35,"F",5,"C","A_35 ","35_A","A_pH_5","35_pH_5","pH_5_A","F_35","D4",1.3492774,0.228636165,0.167153721,0.730227093,0.807566869,0.264573215,0.267787637,0.189367998,0.15835518,4.162945278,NA
"A_35_F_7_A_D4",11.3,"A",35,"F",7,"A","A_35 ","35_A","A_pH_7","35_pH_7","pH_7_A","F_35","D4",0,0.095062895,0.056830068,0.213614856,0.039709716,0,0,0,0,0.405217535,NA
"A_35_F_7_B_D4",11.3,"A",35,"F",7,"B","A_35 ","35_A","A_pH_7","35_pH_7","pH_7_A","F_35","D4",0.990761017,0.120972711,0.080095093,0.571851451,1.909758706,0.104911666,0.018164672,0,0,3.796515316,NA
"A_35_F_7_C_D4",11.3,"A",35,"F",7,"C","A_35 ","35_A","A_pH_7","35_pH_7","pH_7_A","F_35","D4",0,0.083935693,0,0.303974663,0.017023319,0,0,0,0,0.404933675,NA
"A_35_F_9_A_D4",11.3,"A",35,"F",9,"A","A_35 ","35_A","A_pH_9","35_pH_9","pH_9_A","F_35","D4",0,0.147909008,0.108902074,0.563870378,2.970409179,0,0,0,0,3.791090639,NA
"A_35_F_9_B_D4",11.3,"A",35,"F",9,"B","A_35 ","35_A","A_pH_9","35_pH_9","pH_9_A","F_35","D4",0,0.095582924,0.062280086,0.413403866,2.998841993,0,0,0,0,3.570108869,NA
"A_35_F_9_C_D4",11.3,"A",35,"F",9,"C","A_35 ","35_A","A_pH_9","35_pH_9","pH_9_A","F_35","D4",0.31929577,0.097015982,0.062825422,0.154430334,2.770368492,0.052890675,0,0,0,3.456826675,NA
"A_45_F_5_A_D4",11.3,"A",45,"F",5,"A","A_45 ","45_A","A_pH_5","45_pH_5","pH_5_A","F_45","D4",0.398291235,0.17045994,0.087968823,0.904755072,0.526634017,0.525233214,0.056685629,0,0,2.67002793,NA
"A_45_F_5_A_D4_2",11.3,"A",45,"F",5,"A","A_45 ","45_A","A_pH_5","45_pH_5","pH_5_A","F_45","D4",0.357451294,0.155731268,0.079898604,0.780383501,0.463868195,0.436244561,0.033105022,0,0,2.306682445,NA
"A_45_F_5_B_D4",11.3,"A",45,"F",5,"B","A_45 ","45_A","A_pH_5","45_pH_5","pH_5_A","F_45","D4",0.104049335,0.190279053,0.118431568,0.886615883,1.29180934,0.376743624,0.139231913,0,0,3.107160716,NA
"A_45_F_5_C_D4",11.3,"A",45,"F",5,"C","A_45 ","45_A","A_pH_5","45_pH_5","pH_5_A","F_45","D4",0.35553599,0.167600179,0.109665536,0.800309978,0.74002007,0.463069972,0.116829035,0,0,2.75303076,NA
"A_45_F_7_A_D4",11.3,"A",45,"F",7,"A","A_45 ","45_A","A_pH_7","45_pH_7","pH_7_A","F_45","D4",0,0,0,0.349072429,0.229976959,0,0,0,0,0.579049388,NA
"A_45_F_7_B_D4",11.3,"A",45,"F",7,"B","A_45 ","45_A","A_pH_7","45_pH_7","pH_7_A","F_45","D4",0,0,0,0.277975571,0,0,0,0,0,0.277975571,NA
"A_45_F_7_C_D4",11.3,"A",45,"F",7,"C","A_45 ","45_A","A_pH_7","45_pH_7","pH_7_A","F_45","D4",0,0.138448598,0.096538218,0.89501928,0.700023314,0.061851676,0,0.104413723,0,1.996294809,NA
"A_45_F_9_A_D4",11.3,"A",45,"F",9,"A","A_45 ","45_A","A_pH_9","45_pH_9","pH_9_A","F_45","D4",0,0.109748792,0.0520911,0.022109428,2.332803063,0,0,0,0,2.516752383,NA
"A_45_F_9_B_D4",11.3,"A",45,"F",9,"B","A_45 ","45_A","A_pH_9","45_pH_9","pH_9_A","F_45","D4",0,0.034188238,0,0,1.352503776,0,0,0,0,1.386692014,NA
"A_45_F_9_C_D4",11.3,"A",45,"F",9,"C","A_45 ","45_A","A_pH_9","45_pH_9","pH_9_A","F_45","D4",0,0.180875697,0.108379894,0,1.710268203,0,0,0,0,1.999523794,NA
"B_35_M_5_A_D4",11.7,"B",35,"M",5,"A","B_35","35_B","B_pH_5","35_pH_5","pH_5_B","M_35","D4",0.1,0,0,0.3,0.7,0,0,0,0,1.1,NA
"B_35_M_5_B_D4",11.7,"B",35,"M",5,"B","B_35","35_B","B_pH_5","35_pH_5","pH_5_B","M_35","D4",0,0,0,0.1,0.4,0,0,0,0,0.5,NA
"B_35_M_5_C_D4",11.7,"B",35,"M",5,"C","B_35","35_B","B_pH_5","35_pH_5","pH_5_B","M_35","D4",0,0,0,0,0.4,0,0,0,0,0.4,NA
"B_35_M_7_A_D4",11.7,"B",35,"M",7,"A","B_35","35_B","B_pH_7","35_pH_7","pH_7_B","M_35","D4",0,0,0,0.8,0.3,0,0,0,0,1.1,NA
"B_35_M_7_B_D4",11.7,"B",35,"M",7,"B","B_35","35_B","B_pH_7","35_pH_7","pH_7_B","M_35","D4",0,0,0,0.4,0.4,0,0,0,0,0.8,NA
"B_35_M_7_C_D4",11.7,"B",35,"M",7,"C","B_35","35_B","B_pH_7","35_pH_7","pH_7_B","M_35","D4",0,0,0,0.2,0.4,0,0,0,0,0.6,NA
"B_35_M_9_A_D4",11.7,"B",35,"M",9,"A","B_35","35_B","B_pH_9","35_pH_9","pH_9_B","M_35","D4",0,0,0,0.3,1.6,0,0,0,0,1.9,NA
"B_35_M_9_B_D4",11.7,"B",35,"M",9,"B","B_35","35_B","B_pH_9","35_pH_9","pH_9_B","M_35","D4",0,0,0,0,0.9,0,0,0,0,0.9,NA
"B_35_M_9_C_D4",11.7,"B",35,"M",9,"C","B_35","35_B","B_pH_9","35_pH_9","pH_9_B","M_35","D4",0,0,0,0.4,2,0,0,0,0,2.4,NA
"B_45_M_5_A_D4",11.7,"B",45,"M",5,"A","B_45","45_B","B_pH_5","45_pH_5","pH_5_B","M_45","D4",0,0,0,0.1,0.5,0,0,0,0,0.6,NA
"B_45_M_5_B_D4",11.7,"B",45,"M",5,"B","B_45","45_B","B_pH_5","45_pH_5","pH_5_B","M_45","D4",0.1,0,0,0,0.2,0,0,0,0,0.3,NA
"B_45_M_5_C_D4",11.7,"B",45,"M",5,"C","B_45","45_B","B_pH_5","45_pH_5","pH_5_B","M_45","D4",0,0,0,0,0.4,0,0,0,0,0.4,NA
"B_45_M_7_B_D4",11.7,"B",45,"M",7,"B","B_45","45_B","B_pH_7","45_pH_7","pH_7_B","M_45","D4",0,0,0,0,0.3,0,0,0,0,0.3,NA
"B_45_M_9_A_D4",11.7,"B",45,"M",9,"A","B_45","45_B","B_pH_9","45_pH_9","pH_9_B","M_45","D4",0,0.1,0,0.2,2.4,0,0,0,0,2.7,NA
"B_45_M_9_B_D4",11.7,"B",45,"M",9,"B","B_45","45_B","B_pH_9","45_pH_9","pH_9_B","M_45","D4",0,0.1,0,0.3,2,0,0,0,0,2.4,NA
"B_45_M_9_C_D4",11.7,"B",45,"M",9,"C","B_45","45_B","B_pH_9","45_pH_9","pH_9_B","M_45","D4",0,0,0,0,0.8,0,0,0,0,0.8,NA
